Industry,"Total _Years_of _Professional_Experience",Number_of_Employees
ACADEMIA,"1 year or less",1
ACADEMIA,"2 - 4 years",2
ACADEMIA,"8 - 10 years",2
"ACADEMIA - STEM","2 - 4 years",1
"ACADEMIA / RESEARCH","11 - 20 years",1
"ACADEMIA--CELL AND MOLECULAR BIOLOGY","5-7 years",1
"ACADEMIC MEDICINE","8 - 10 years",1
"ACADEMIC PRESS PRODUCTION","8 - 10 years",1
"ACADEMIC PUBLISHING","11 - 20 years",2
"ACADEMIC PUBLISHING","2 - 4 years",1
"ACADEMIC PUBLISHING","5-7 years",1
"ACADEMIC PUBLISHING","8 - 10 years",2
"ACADEMIC RESEARCH","11 - 20 years",3
"ACADEMIC RESEARCH","2 - 4 years",1
"ACADEMIC RESEARCH","5-7 years",1
"ACADEMIC RESEARCH","8 - 10 years",1
"ACADEMIC RESEARCH (PSYCHOLOGY)","2 - 4 years",1
"ACADEMIC RESEARCH (SOCIAL SCIENCE)","2 - 4 years",1
"ACADEMIC SCIENCE","8 - 10 years",3
"ACADEMIC SCIENTIFIC RESEARCH","5-7 years",1
"ACADEMIC/NONPROFIT RESEARCH","1 year or less",1
ACCESSIBILITY,"11 - 20 years",1
ACCESSIBILITY,"8 - 10 years",1
"ACCOUNTING, BANKING & FINANCE","1 year or less",45
"ACCOUNTING, BANKING & FINANCE","11 - 20 years",541
"ACCOUNTING, BANKING & FINANCE","2 - 4 years",192
"ACCOUNTING, BANKING & FINANCE","21 - 30 years",241
"ACCOUNTING, BANKING & FINANCE","31 - 40 years",66
"ACCOUNTING, BANKING & FINANCE","41 years or more",7
"ACCOUNTING, BANKING & FINANCE","5-7 years",292
"ACCOUNTING, BANKING & FINANCE","8 - 10 years",339
ACTUARIAL,"1 year or less",1
ADMINISTRATION,"11 - 20 years",1
ADMINISTRATION,"5-7 years",1
"ADMINISTRATION (FOOD SERVICE)","11 - 20 years",1
"ADMINISTRATION IN MLM","8 - 10 years",1
"ADMINISTRATION, IT","31 - 40 years",1
ADMINISTRATIVE,"8 - 10 years",1
"ADMINISTRATIVE SUPPORT","11 - 20 years",1
"ADMINISTRATIVE WORK","8 - 10 years",1
"ADULT EDUCATION","2 - 4 years",1
AEROSPACE,"11 - 20 years",3
AEROSPACE,"8 - 10 years",1
"AEROSPACE  & DEFENSE/GOVERNMENT CONTRACTING","5-7 years",1
"AEROSPACE & DEFENSE","11 - 20 years",1
"AEROSPACE & DEFENSE MANUFACTURING","21 - 30 years",1
"AEROSPACE AND DEFENSE","1 year or less",1
"AEROSPACE AND DEFENSE","11 - 20 years",1
"AEROSPACE CONTRACTING","11 - 20 years",1
"AEROSPACE DATA","5-7 years",1
"AEROSPACE MANUFACTURING","21 - 30 years",1
AEROSPACE/AVIATION,"11 - 20 years",1
AEROSPACE/AVIATION,"8 - 10 years",1
AEROSPACE/DEFENSE,"2 - 4 years",1
"AFFORDABLE HOUSING REAL ESTATE DEVELOPMENT (NONPROFIT)","11 - 20 years",1
"AGRICULTURE  OR F ORESTRY","11 - 20 years",2
"AGRICULTURE  OR F ORESTRY","2 - 4 years",1
"AGRICULTURE  OR F ORESTRY","21 - 30 years",1
"AGRICULTURE  OR F ORESTRY","5-7 years",1
"AGRICULTURE  OR FORESTRY","11 - 20 years",1
"AGRICULTURE  OR FORESTRY","2 - 4 years",1
"AGRICULTURE  OR FORESTRY","8 - 10 years",1
"AGRICULTURE OR FORESTRY","1 year or less",3
"AGRICULTURE OR FORESTRY","11 - 20 years",44
"AGRICULTURE OR FORESTRY","2 - 4 years",12
"AGRICULTURE OR FORESTRY","21 - 30 years",11
"AGRICULTURE OR FORESTRY","31 - 40 years",5
"AGRICULTURE OR FORESTRY","41 years or more",2
"AGRICULTURE OR FORESTRY","5-7 years",13
"AGRICULTURE OR FORESTRY","8 - 10 years",37
"AGRICULTURE/AGRICULTURE CHEMICAL","8 - 10 years",1
AIRLINE,"11 - 20 years",1
AMERICORPS,"5-7 years",1
"ANALYTICAL CHEMISTRY","31 - 40 years",1
"ANALYTICAL LAB","8 - 10 years",1
ANALYTICS,"21 - 30 years",1
"ANIMAL CARE","21 - 30 years",1
"ANIMAL CARE","5-7 years",1
"ANIMAL CARETAKER","11 - 20 years",1
"ANIMAL HEALTH","11 - 20 years",1
"ANIMAL HEALTH INDUSTRY","21 - 30 years",1
"ANIMAL HEALTH PRODUCT MANUFACTURING","11 - 20 years",1
"ANIMAL WELFARE","11 - 20 years",1
ANIMATION,"8 - 10 years",1
APPAREL,"11 - 20 years",1
APPAREL,"21 - 30 years",1
APPAREL,"8 - 10 years",1
"APPAREL DESIGN/PRODUCT DEVELOPMENT","5-7 years",1
"APPAREL MANUFACTURE","41 years or more",1
ARCHAEOLOGIST,"31 - 40 years",1
ARCHAEOLOGY,"11 - 20 years",1
"ARCHAEOLOGY / CULTURAL RESOURCE MANAGEMENT","11 - 20 years",1
"ARCHAEOLOGY/CULTURAL RESOURCE MANAGER","11 - 20 years",1
ARCHITECT,"11 - 20 years",2
"ARCHITECTURAL/LAND PLANNING/CIVIL ENGINEERING","21 - 30 years",1
ARCHITECTURE,"11 - 20 years",12
ARCHITECTURE,"2 - 4 years",4
ARCHITECTURE,"21 - 30 years",2
ARCHITECTURE,"5-7 years",3
ARCHITECTURE,"8 - 10 years",7
"ARCHITECTURE / ENGINEERING","21 - 30 years",1
"ARCHITECTURE & CONSTRUCTION","21 - 30 years",1
"ARCHITECTURE AND ENGINEERING CONSULTING AND DESIGN","21 - 30 years",1
"ARCHITECTURE, ENGINEERING, CONSTRUCTION","11 - 20 years",1
ARCHITECTURE/CONSTRUCTION,"5-7 years",1
ARCHIVES,"31 - 40 years",1
ARCHIVES,"5-7 years",1
ARCHIVES,"8 - 10 years",3
ARCHIVES/LIBRARIES,"5-7 years",1
"ARCHIVES/LIBRARY SCIENCE","5-7 years",1
"ART & DESIGN","1 year or less",4
"ART & DESIGN","11 - 20 years",112
"ART & DESIGN","2 - 4 years",52
"ART & DESIGN","21 - 30 years",23
"ART & DESIGN","31 - 40 years",2
"ART & DESIGN","5-7 years",73
"ART & DESIGN","8 - 10 years",85
"ART APPRAISAL","8 - 10 years",1
"ARTS ADMINISTRATION","11 - 20 years",1
"ARTS, CULTURE AND HERITAGE","2 - 4 years",1
ASSOCIATION,"2 - 4 years",1
"ASSOCIATION MANAGEMENT","5-7 years",1
"ASSOCIATION MANAGEMENT","8 - 10 years",1
"AUCTION HOUSE","1 year or less",1
"AUCTION HOUSE","8 - 10 years",1
"AUTO MFG.","21 - 30 years",1
"AUTO REPAIR","11 - 20 years",1
"AUTO REPAIR","21 - 30 years",1
"AUTO REPAIR","8 - 10 years",1
AUTOMOTIVE,"11 - 20 years",4
AUTOMOTIVE,"2 - 4 years",1
AUTOMOTIVE,"21 - 30 years",1
AUTOMOTIVE,"5-7 years",3
AUTOMOTIVE,"8 - 10 years",1
"AUTOMOTIVE FINANCE AND INSURANCE","11 - 20 years",1
"AUTOMOTIVE REPAIR","11 - 20 years",2
"AUTOMOTIVE TECHNICIAN","21 - 30 years",1
"AUTOMTIVE REPAIR","31 - 40 years",1
AVIATION,"11 - 20 years",1
AVIATION,"21 - 30 years",1
AVIATION,"8 - 10 years",1
"AWARDS  & ENGRAVING","21 - 30 years",1
"B2B SERVICES","21 - 30 years",1
"BACKGROUND SCREENING","11 - 20 years",1
BEAUTY,"11 - 20 years",1
BEAUTY,"2 - 4 years",1
"BEAUTY /CPG","8 - 10 years",1
"BEAUTY MANUFACTURING & EDUCATION","8 - 10 years",1
"BEAUTY, COSMETICS, FRAGRANCE","11 - 20 years",1
"BEAUTY/SERVICE INDUSTRY","21 - 30 years",1
"BEER SALES","21 - 30 years",1
"BEHAVIOR ANALYSIS/MENTAL HEALTH","5-7 years",1
"BEHAVIORAL HEALTH","2 - 4 years",1
"BEHAVIORAL HEALTH","21 - 30 years",1
"BENEFITS ADMINISTRATION","11 - 20 years",2
BEVERAGE,"5-7 years",2
"BEVERAGE & SPIRITS","11 - 20 years",1
"BEVERAGE DISTRIBUTION","11 - 20 years",1
"BEVERAGE PRODUCTION","11 - 20 years",1
"BIO TECH","41 years or more",1
BIOINFORMATICS,"11 - 20 years",1
"BIOLOGICAL RESEARCH","2 - 4 years",2
"BIOLOGICAL SCIENCES","2 - 4 years",1
BIOLOGIST,"8 - 10 years",1
BIOLOGY,"2 - 4 years",1
BIOLOGY/RESEARCH,"8 - 10 years",1
"BIOMEDICAL RESEARCH","11 - 20 years",2
"BIOMEDICAL RESEARCH","2 - 4 years",2
"BIOMEDICAL RESEARCH","21 - 30 years",2
"BIOMEDICAL RESEARCH","5-7 years",2
"BIOMEDICAL RESEARCH","8 - 10 years",4
BIOPHARMA,"11 - 20 years",1
BIOPHARMA,"2 - 4 years",1
BIOPHARMA,"21 - 30 years",1
BIOPHARMA,"8 - 10 years",1
BIOPHARMACEUTICALS,"5-7 years",1
"BIOSCIENCE COMPANY","11 - 20 years",1
BIOTECH,"1 year or less",1
BIOTECH,"11 - 20 years",16
BIOTECH,"2 - 4 years",12
BIOTECH,"21 - 30 years",6
BIOTECH,"5-7 years",9
BIOTECH,"8 - 10 years",7
"BIOTECH / PHARMACEUTICAL INDUSTRY","5-7 years",1
"BIOTECH / RESEARCH","8 - 10 years",1
"BIOTECH MANUFACTURING","21 - 30 years",1
"BIOTECH PHARMACEUTICALS","31 - 40 years",1
"BIOTECH R&D","5-7 years",1
"BIOTECH RESEARCH","11 - 20 years",2
"BIOTECH/DRUG DEVELOPMENT","8 - 10 years",2
"BIOTECH/FOOD SAFETY","11 - 20 years",1
BIOTECH/PHARMA,"1 year or less",2
BIOTECH/PHARMA,"11 - 20 years",4
BIOTECH/PHARMA,"2 - 4 years",2
BIOTECH/PHARMA,"21 - 30 years",1
BIOTECH/PHARMA,"5-7 years",1
BIOTECH/PHARMA,"8 - 10 years",1
BIOTECH/PHARMACEUTICALS,"11 - 20 years",1
BIOTECH/PHARMACEUTICALS,"2 - 4 years",1
BIOTECH/SOFTWARE,"5-7 years",1
BIOTECHNOLOGY,"11 - 20 years",5
BIOTECHNOLOGY,"2 - 4 years",4
BIOTECHNOLOGY,"41 years or more",1
BIOTECHNOLOGY,"5-7 years",5
BIOTECHNOLOGY,"8 - 10 years",6
"BIOTECHNOLOGY, RESEARCH AND DEVELOPMENT","11 - 20 years",1
"BIOTECHNOLOGY/LIFE SCIENCES","5-7 years",1
BITECH,"11 - 20 years",1
"BOOK PUBLISHING","11 - 20 years",3
"BOOK PUBLISHING","2 - 4 years",1
"BOOK PUBLISHING","21 - 30 years",1
"BOOK PUBLISHING","5-7 years",1
"BRAIN RESEARCH","11 - 20 years",1
BREWING,"8 - 10 years",1
"BUSINESS  OR CONSULTING","1 year or less",3
"BUSINESS  OR CONSULTING","11 - 20 years",3
"BUSINESS  OR CONSULTING","2 - 4 years",1
"BUSINESS  OR CONSULTING","21 - 30 years",1
"BUSINESS  OR CONSULTING","5-7 years",4
"BUSINESS  OR CONSULTING","8 - 10 years",1
"BUSINESS OR CONSULTING","1 year or less",30
"BUSINESS OR CONSULTING","11 - 20 years",241
"BUSINESS OR CONSULTING","2 - 4 years",139
"BUSINESS OR CONSULTING","21 - 30 years",64
"BUSINESS OR CONSULTING","31 - 40 years",22
"BUSINESS OR CONSULTING","41 years or more",2
"BUSINESS OR CONSULTING","5-7 years",148
"BUSINESS OR CONSULTING","8 - 10 years",148
"BUSINESS PROCESS OUTSOURCING","11 - 20 years",1
"BUSINESS PROCESS OUTSOURCING","2 - 4 years",1
"BUSINESS SERVICES","11 - 20 years",1
BUYER,"11 - 20 years",1
"CALL CENTER","11 - 20 years",1
"CALL CENTER","21 - 30 years",1
"CANCER RESEARCH, NOT FOR PROFIT","31 - 40 years",1
CANNABIS,"11 - 20 years",2
CANNABIS,"5-7 years",2
CANNABIS,"8 - 10 years",1
"CANNABIS COMPLIANCE","11 - 20 years",1
"CAREER & TECHNICAL TRAINING","11 - 20 years",1
CAREGIVER,"11 - 20 years",1
"CBD MANUFACTURING","5-7 years",1
CHAPLAIN,"11 - 20 years",1
CHARITY,"5-7 years",1
CHEMICAL,"2 - 4 years",1
"CHEMICAL MANUFACTURING","11 - 20 years",1
CHEMICALS,"11 - 20 years",1
"CHEMICALS/ MATERIALS","5-7 years",1
CHEMISTRY,"2 - 4 years",1
CHEMISTRY,"5-7 years",1
CHEMISTRY,"8 - 10 years",1
"CHILD AND YOUT CARE","2 - 4 years",1
"CHILD CARE","11 - 20 years",2
"CHILD CARE RESOURCE AND REFERRAL AGENCY","5-7 years",1
CHILDCARE,"11 - 20 years",3
CHILDCARE,"5-7 years",3
"CHILDCARE (0-5 SO DOES NOT COME UNDER PRIMARY EDUCATION)","1 year or less",1
"CHILDREN'S BOOK WHOLESALE","11 - 20 years",1
CHURCH,"2 - 4 years",1
CHURCH,"8 - 10 years",1
"CHURCH MINISTRY","31 - 40 years",1
CLEANING,"8 - 10 years",1
CLERGY,"11 - 20 years",1
CLERGY,"2 - 4 years",1
CLERGY,"5-7 years",1
CLERGY,"8 - 10 years",1
"CLINICAL & TRANSLATIONAL RESERACH","21 - 30 years",1
"CLINICAL RESEARCH","11 - 20 years",2
"CLINICAL RESEARCH","2 - 4 years",1
"CLINICAL RESEARCH","5-7 years",1
"CLINICAL RESEARCH","8 - 10 years",4
"CLINICAL RESEARCH AND DEVELOPMENT","11 - 20 years",1
"CLINICAL RESEARCH MANAGER - ACADEMIC INSTITUTION","8 - 10 years",1
"CLINICAL TRIALS","11 - 20 years",1
"CLINICAL TRIALS RESEARCH COORDINATION","21 - 30 years",1
COACHING,"21 - 30 years",1
"COFFEE - IMPORTING","8 - 10 years",1
"COLLEGE ATHLETICS","2 - 4 years",1
"COMMERCIAL FISHERMAN","8 - 10 years",1
"COMMERCIAL FURNITURE","5-7 years",1
"COMMERCIAL LANDSCAPING","21 - 30 years",1
"COMMERCIAL REAL ESTATE","1 year or less",1
"COMMERCIAL REAL ESTATE","11 - 20 years",3
"COMMERCIAL REAL ESTATE","2 - 4 years",1
"COMMERCIAL REAL ESTATE","21 - 30 years",1
"COMMERCIAL REAL ESTATE","8 - 10 years",1
"COMMERCIAL REAL ESTATE - PRIVATE EQUITY","5-7 years",1
"COMMERCIAL REAL ESTATE DATA  & ANALYTICS/RESEARCH","11 - 20 years",1
"COMMERCIAL REAL ESTATE TENANCY","5-7 years",1
"COMMODITIES TRADING","31 - 40 years",1
"COMMUNICATION RESEARCH","5-7 years",1
COMMUNICATIONS,"11 - 20 years",1
COMMUNICATIONS,"2 - 4 years",2
COMMUNICATIONS,"31 - 40 years",1
COMMUNICATIONS,"5-7 years",2
COMMUNICATIONS,"8 - 10 years",1
COMMUNICATIONS/PUBLICATIONS,"21 - 30 years",1
"COMMUNITY FOUNDATION","5-7 years",1
"COMMUNITY MANAGEMENT","21 - 30 years",1
COMPLIANCE,"11 - 20 years",1
COMPLIANCE,"8 - 10 years",2
"COMPUTING  OR TECH","11 - 20 years",9
"COMPUTING  OR TECH","2 - 4 years",3
"COMPUTING  OR TECH","21 - 30 years",1
"COMPUTING  OR TECH","31 - 40 years",1
"COMPUTING  OR TECH","5-7 years",4
"COMPUTING  OR TECH","8 - 10 years",4
"COMPUTING OR TECH","1 year or less",80
"COMPUTING OR TECH","11 - 20 years",1391
"COMPUTING OR TECH","2 - 4 years",492
"COMPUTING OR TECH","21 - 30 years",584
"COMPUTING OR TECH","31 - 40 years",96
"COMPUTING OR TECH","41 years or more",17
"COMPUTING OR TECH","5-7 years",747
"COMPUTING OR TECH","8 - 10 years",765
"COMPUTING/TECH + HIGHER ED + NONPROFIT","1 year or less",1
CONCRETE,"11 - 20 years",1
"CONCRETE CONSTRUCTION","2 - 4 years",1
CONSERVATION,"8 - 10 years",1
CONSTRUCTION,"11 - 20 years",3
CONSTRUCTION,"2 - 4 years",3
CONSTRUCTION,"21 - 30 years",3
CONSTRUCTION,"5-7 years",1
CONSTRUCTION,"8 - 10 years",3
"CONSTRUCTION / STONE INDUSTRY","2 - 4 years",1
"CONSTRUCTION MANAGEMENT","1 year or less",1
"CONSTRUCTION, HVAC","8 - 10 years",1
"CONSTRUCTION, MINING, MANUFACTURING","21 - 30 years",1
CONSULTANT,"11 - 20 years",1
CONSULTING,"11 - 20 years",1
CONSULTING,"2 - 4 years",2
CONSULTING,"21 - 30 years",1
CONSULTING,"8 - 10 years",1
"CONSULTING / PROFESSIONAL SERVICES","5-7 years",1
"CONSULTING OPERATIONS- BIG 4","11 - 20 years",1
"CONSUMER FOOD PRODUCTS","11 - 20 years",1
"CONSUMER GOOD (TOYS)","11 - 20 years",1
"CONSUMER GOODS","1 year or less",1
"CONSUMER GOODS","11 - 20 years",3
"CONSUMER GOODS","8 - 10 years",1
"CONSUMER GOODS PRODUCTION","5-7 years",1
"CONSUMER PACKAGED GOODS","11 - 20 years",2
"CONSUMER PACKAGED GOODS","21 - 30 years",2
"CONSUMER PACKAGED GOODS","8 - 10 years",2
"CONSUMER PRODUCT DESIGN","11 - 20 years",1
"CONSUMER PRODUCT GOODS","2 - 4 years",1
"CONSUMER PRODUCT ORGANIZATION","11 - 20 years",1
"CONSUMER PRODUCTS","21 - 30 years",1
"CONSUMER PRODUCTS DESIGN","11 - 20 years",1
"CONSUMER RESEARCH","8 - 10 years",1
"CONSUMER/PACKAGED GOODS","5-7 years",1
"CONTACT CENTER","11 - 20 years",1
"CONTENT REVIEW - COPYRIGHT/DMCA","11 - 20 years",1
"CONTRACT RESEARCH","2 - 4 years",1
"CONTRACT RESEARCH ORGANISATION","8 - 10 years",1
"CORPORATE ACCOUNTING IN DEATH CARE (FUNERAL & CEMETERY)","11 - 20 years",1
"CORPORATE LEARNING AND DEVELOPMENT","21 - 30 years",1
"CORPORATE SERVICE MANAGEMENT","5-7 years",1
"CORPORATE SUSTAINABILITY","2 - 4 years",1
"CORPORATE SUSTAINABILITY","5-7 years",1
"CORPORATE TRAVEL INDUSTRY","31 - 40 years",1
COSMETOLOGY,"31 - 40 years",1
"COSTRUCTION ADMIN","8 - 10 years",1
COUNSELING,"5-7 years",1
COUNSELLING,"5-7 years",1
CPG,"2 - 4 years",1
"CPG / RETAIL","5-7 years",1
"CRAFT BEER INDUSTRY","11 - 20 years",1
"CULTURAL (MUSEUMS/GALLERIES)","8 - 10 years",1
"CULTURAL HERITAGE","8 - 10 years",1
"CULTURAL RESOURCE MANAGEMENT","21 - 30 years",1
"CULTURAL RESOURCES MANAGEMENT/MAJOR UNIV.","11 - 20 years",1
CULTURE,"2 - 4 years",1
"CURRENTLY A STUDENT","2 - 4 years",1
"CUSTOMER SERVICE","11 - 20 years",1
"CUSTOMER SERVICE","21 - 30 years",1
"CUSTOMER SERVICE","5-7 years",3
"CUSTOMER SERVICE/CALL CENTER","11 - 20 years",1
"CUSTOMER SERVICE/PUBLISHING-ADJACENT","5-7 years",1
"DATA ANALYTICS","2 - 4 years",1
"DATA BREACH","8 - 10 years",1
"DATA ENTRY","8 - 10 years",1
"DATA/INSTITUTIONAL RESEARCH IN HIGHER EDUCATION","8 - 10 years",1
"DATABASE SUBSCRIPTION SERVICES","41 years or more",1
"DAYCARE FOR CHILDREN UNDER 5 YEARS OLD","8 - 10 years",1
DEFENSE,"11 - 20 years",2
DEFENSE,"2 - 4 years",1
DEFENSE,"21 - 30 years",1
DEFENSE,"5-7 years",1
DEFENSE,"8 - 10 years",2
"DEFENSE CONTRACTING","11 - 20 years",2
"DEFENSE CONTRACTING","5-7 years",1
"DEFENSE CONTRACTOR","8 - 10 years",1
"DELIVERY AND INSTALLATION FOR COMMERCIAL MACHINERY","11 - 20 years",1
"DIAGNOSTIC MEDICAL DEVICES","2 - 4 years",1
DIGITAL,"8 - 10 years",1
"DIGITAL COMMERCE / ECOMMERCE","5-7 years",1
"DIGITAL MARKETING","11 - 20 years",1
"DIGITAL MARKETING WITHIN A BOOK PUBLISHING COMPANY (PLEASE RECLASSIFY AS YOU SEE FIT)","11 - 20 years",1
"DIRECT SUPPORT  PROFESSIONAL  IN A GROUP  HOME","31 - 40 years",1
"DISABILITY SERVICES","8 - 10 years",1
DISTRIBUTION,"11 - 20 years",2
DISTRIBUTION,"21 - 30 years",1
"DIVERSITY, EQUITY & INCLUSION","8 - 10 years",1
"DOD CONTRACTING","11 - 20 years",1
"DRUG DEVELOPMENT","21 - 30 years",1
"E COMMERCE","11 - 20 years",1
E-COMM,"11 - 20 years",1
E-COMMERCE,"2 - 4 years",3
E-COMMERCE,"8 - 10 years",3
E-LEARNING,"2 - 4 years",1
EAP,"8 - 10 years",1
"EARLY CHILDHOOD EDUCATION","11 - 20 years",1
"EARLY CHILDHOOD EDUCATION","21 - 30 years",1
"EARLY CHILDHOOD EDUCATION","8 - 10 years",1
"EARLY CHILDHOOD EDUCATION (PRESCHOOL)","31 - 40 years",1
"EARLY EDUCATION","2 - 4 years",1
"EARLY EDUCATION (CORPORATE OFFICE)","8 - 10 years",1
"EARTH SCIENCES","2 - 4 years",1
ECOLOGY,"5-7 years",1
ECOMMERCE,"11 - 20 years",1
ECOMMERCE,"21 - 30 years",1
"ECOMMERCE - TECHNOLOGY","2 - 4 years",1
"ECOMMERCE FRAUD","21 - 30 years",1
ECONOMICS,"11 - 20 years",1
"ED TECH","5-7 years",1
"ED TECH","8 - 10 years",1
"EDITOR IN EDUCATIONAL PUBLISHING","21 - 30 years",1
EDTECH,"5-7 years",2
"EDUC TECH","31 - 40 years",1
"EDUCATION (EARLY CHILDHOOD EDUCATION)","11 - 20 years",1
"EDUCATION (EARLY CHILDHOOD)","21 - 30 years",1
"EDUCATION (HIGHER EDUCATION)","1 year or less",29
"EDUCATION (HIGHER EDUCATION)","11 - 20 years",910
"EDUCATION (HIGHER EDUCATION)","2 - 4 years",203
"EDUCATION (HIGHER EDUCATION)","21 - 30 years",303
"EDUCATION (HIGHER EDUCATION)","31 - 40 years",91
"EDUCATION (HIGHER EDUCATION)","41 years or more",10
"EDUCATION (HIGHER EDUCATION)","5-7 years",406
"EDUCATION (HIGHER EDUCATION)","8 - 10 years",462
"EDUCATION (OTHER)","11 - 20 years",1
"EDUCATION (PRIMARY/SECONDARY)","1 year or less",15
"EDUCATION (PRIMARY/SECONDARY)","11 - 20 years",319
"EDUCATION (PRIMARY/SECONDARY)","2 - 4 years",72
"EDUCATION (PRIMARY/SECONDARY)","21 - 30 years",105
"EDUCATION (PRIMARY/SECONDARY)","31 - 40 years",36
"EDUCATION (PRIMARY/SECONDARY)","41 years or more",1
"EDUCATION (PRIMARY/SECONDARY)","5-7 years",111
"EDUCATION (PRIMARY/SECONDARY)","8 - 10 years",155
"EDUCATION CONSULTING","11 - 20 years",1
"EDUCATION PUBLISHING","5-7 years",1
"EDUCATION RESEARCH- MIX OF EDTECH & NON PROFITS","8 - 10 years",1
"EDUCATION SERVICE PROVIDER","11 - 20 years",1
"EDUCATION SERVICES (TUTORING)","11 - 20 years",1
"EDUCATION START-UP","2 - 4 years",1
"EDUCATION WRITING","2 - 4 years",1
"EDUCATION- MUSEUM/PUBLIC OUTREACH","21 - 30 years",1
"EDUCATION: PRESCHOOL","11 - 20 years",1
EDUCATION/VOCATIONAL,"21 - 30 years",1
"EDUCATIONAL ASSESSMENT","11 - 20 years",1
"EDUCATIONAL PRODUCTS","2 - 4 years",1
"EDUCATIONAL PUBLISHING","11 - 20 years",1
"EDUCATIONAL PUBLISHING","21 - 30 years",2
"EDUCATIONAL PUBLISHING / ED TECH","11 - 20 years",1
"EDUCATIONAL RESEARCH","11 - 20 years",1
"EDUCATIONAL TECHNOLOGY","11 - 20 years",2
"EDUCATIONAL TECHNOLOGY - HYBRID BETWEEN BOOK PUBLISHING AND TECHNOLOGY REALLY","8 - 10 years",1
"EMERGENCY MANAGEMENT","11 - 20 years",1
ENERGY,"11 - 20 years",4
ENERGY,"21 - 30 years",4
ENERGY,"8 - 10 years",4
"ENERGY - OIL AND GAS","8 - 10 years",1
"ENERGY (OIL & GAS)","21 - 30 years",1
"ENERGY SECTOR: OIL & GAS","11 - 20 years",1
"ENERGY SUPPLIER","11 - 20 years",1
"ENERGY, OIL & GAS","21 - 30 years",1
"ENERGY, OIL AND GAS","8 - 10 years",1
"ENERGY: OIL & GAS","21 - 30 years",1
ENERGY/OIL,"8 - 10 years",1
"ENGINEERING  OR MANUFACTURING","1 year or less",2
"ENGINEERING  OR MANUFACTURING","11 - 20 years",3
"ENGINEERING  OR MANUFACTURING","2 - 4 years",4
"ENGINEERING  OR MANUFACTURING","21 - 30 years",2
"ENGINEERING  OR MANUFACTURING","31 - 40 years",1
"ENGINEERING  OR MANUFACTURING","41 years or more",2
"ENGINEERING  OR MANUFACTURING","5-7 years",4
"ENGINEERING  OR MANUFACTURING","8 - 10 years",3
"ENGINEERING - MINING","8 - 10 years",1
"ENGINEERING AND ENVIRONMENTAL CONSULTING","11 - 20 years",1
"ENGINEERING OR MANUFACTURING","1 year or less",40
"ENGINEERING OR MANUFACTURING","11 - 20 years",534
"ENGINEERING OR MANUFACTURING","2 - 4 years",232
"ENGINEERING OR MANUFACTURING","21 - 30 years",178
"ENGINEERING OR MANUFACTURING","31 - 40 years",37
"ENGINEERING OR MANUFACTURING","41 years or more",7
"ENGINEERING OR MANUFACTURING","5-7 years",335
"ENGINEERING OR MANUFACTURING","8 - 10 years",267
ENTERTAINMENT,"1 year or less",2
ENTERTAINMENT,"11 - 20 years",77
ENTERTAINMENT,"2 - 4 years",24
ENTERTAINMENT,"21 - 30 years",32
ENTERTAINMENT,"31 - 40 years",6
ENTERTAINMENT,"41 years or more",1
ENTERTAINMENT,"5-7 years",40
ENTERTAINMENT,"8 - 10 years",41
"ENTERTAINMENT DATA","1 year or less",1
"ENTREPRENEUR HIGH NET WORTH","21 - 30 years",1
"ENV. CONSULTING","5-7 years",1
ENVIROMENTAL,"8 - 10 years",1
ENVIRONMENT,"1 year or less",1
ENVIRONMENT,"8 - 10 years",1
"ENVIRONMENT - OIL  & GAS","8 - 10 years",1
"ENVIRONMENT AND SUSTAINABILITY","2 - 4 years",1
"ENVIRONMENT, HEALTH, AND SAFETY","8 - 10 years",1
ENVIRONMENTAL,"1 year or less",2
ENVIRONMENTAL,"11 - 20 years",2
ENVIRONMENTAL,"2 - 4 years",8
ENVIRONMENTAL,"21 - 30 years",1
ENVIRONMENTAL,"31 - 40 years",2
ENVIRONMENTAL,"8 - 10 years",2
"ENVIRONMENTAL COMPLIANCE","1 year or less",1
"ENVIRONMENTAL COMPLIANCE","11 - 20 years",1
"ENVIRONMENTAL COMPLIANCE","8 - 10 years",1
"ENVIRONMENTAL COMPLIANCE/ENGINEERING","8 - 10 years",1
"ENVIRONMENTAL CONSULTANTING","2 - 4 years",1
"ENVIRONMENTAL CONSULTING","1 year or less",2
"ENVIRONMENTAL CONSULTING","11 - 20 years",4
"ENVIRONMENTAL CONSULTING","21 - 30 years",1
"ENVIRONMENTAL CONSULTING","31 - 40 years",1
"ENVIRONMENTAL CONSULTING","5-7 years",5
"ENVIRONMENTAL CONSULTING","8 - 10 years",4
"ENVIRONMENTAL HEALTH  & SAFETY COMPLIANCE","11 - 20 years",1
"ENVIRONMENTAL HEALTH + PEST CONTROL","8 - 10 years",1
"ENVIRONMENTAL HEALTH AND SAFETY","1 year or less",1
"ENVIRONMENTAL HEALTH AND SAFETY","2 - 4 years",1
"ENVIRONMENTAL PLANNING","8 - 10 years",1
"ENVIRONMENTAL REGULATION","21 - 30 years",1
"ENVIRONMENTAL RESTORATION","21 - 30 years",1
"ENVIRONMENTAL SCIENCE","2 - 4 years",1
"ENVIRONMENTAL SCIENCE","5-7 years",1
"ENVIRONMENTAL SCIENCE","8 - 10 years",2
"ENVIRONMENTAL SCIENCES","5-7 years",1
"ENVIRONMENTAL SCIENCES","8 - 10 years",1
"ENVIRONMENTAL SERVICES","2 - 4 years",1
"ENVIRONMENTAL SURVEY","11 - 20 years",1
"ENVIRONMENTAL/CULTURAL RESOURCE MANAGEMENT","5-7 years",1
ENVIRONMNETAL,"5-7 years",1
"EXECUTIVE LEADERSHIP SERVIS","21 - 30 years",1
"EXECUTIVE SEARCH","11 - 20 years",1
"EXECUTIVE SEARCH","8 - 10 years",1
FACILITIES,"5-7 years",2
FAITH/SPIRITUALITY,"2 - 4 years",1
"FAMILY OFFICE","11 - 20 years",1
"FAMILY OFFICE","21 - 30 years",1
FASHION,"2 - 4 years",1
FASHION,"5-7 years",1
FASHION/E-COMMERCE,"8 - 10 years",1
"FAST CASUAL RESTAURANT","8 - 10 years",1
"FAST FOOD","1 year or less",1
"FAST FOOD","2 - 4 years",1
"FEDERAL CONTRACTING/BUSINESS DEVELOPMENT","8 - 10 years",1
"FEDERAL GOVERNMENT CONTRACTING","11 - 20 years",1
"FILM POST-PRODUCTION","5-7 years",1
FINANCE,"11 - 20 years",1
FINANCE,"21 - 30 years",1
FINANCE,"31 - 40 years",1
FINANCE,"8 - 10 years",2
"FINANCE/INVESTMENT MANAGEMENT BUT IN LEGAL/COMPLIANCE, SO BACK-OFFICE","5-7 years",1
FINTECH,"21 - 30 years",1
FINTECH,"5-7 years",2
"FINTECH/PAYMENT PROCESSING","11 - 20 years",1
"FIRE PROTECTION","8 - 10 years",1
FITNESS,"11 - 20 years",3
FITNESS,"21 - 30 years",2
FITNESS,"8 - 10 years",1
"FITNESS & ENTERTAINMENT","21 - 30 years",1
FMCG,"8 - 10 years",1
"FMCG DEVELOPMENT","11 - 20 years",1
FOOD,"11 - 20 years",1
FOOD,"5-7 years",2
FOOD,"8 - 10 years",1
"FOOD & BEVERAGE","21 - 30 years",1
"FOOD & BEVERAGE","8 - 10 years",1
"FOOD & BEVERAGE PRODUCTION","21 - 30 years",1
"FOOD & BEVERAGES","8 - 10 years",1
"FOOD & NUTRITION","8 - 10 years",1
"FOOD AND BEVERAGE","11 - 20 years",1
"FOOD AND BEVERAGE","8 - 10 years",1
"FOOD AND DRINK","5-7 years",1
"FOOD AND FLAVOR","21 - 30 years",1
"FOOD DEMOS","31 - 40 years",1
"FOOD DISTRIBUTION","31 - 40 years",1
"FOOD DISTRIBUTION","5-7 years",1
"FOOD INDUSTRY","5-7 years",2
"FOOD INDUSTRY","8 - 10 years",1
"FOOD MANUFACTURE","21 - 30 years",1
"FOOD MANUFACTURERS","21 - 30 years",1
"FOOD MANUFACTURING","11 - 20 years",2
"FOOD MANUFACTURING","21 - 30 years",1
"FOOD MANUFACTURING","5-7 years",1
"FOOD MANUFACTURING","8 - 10 years",1
"FOOD PROCESSING","11 - 20 years",1
"FOOD PROCESSING","8 - 10 years",1
"FOOD PROCESSING AND PACKAGING","31 - 40 years",1
"FOOD PRODUCTION","21 - 30 years",1
"FOOD PRODUCTION","8 - 10 years",1
"FOOD PRODUCTION/PROCESSING","21 - 30 years",1
"FOOD SERVICE","1 year or less",2
"FOOD SERVICE","2 - 4 years",4
"FOOD SERVICE","5-7 years",2
"FOOD SERVICE","8 - 10 years",1
"FOOD SERVICE --- BAKING","11 - 20 years",1
"FOOD/BEVERAGE MANUFACTURING- QUALITY/LABORATORY","11 - 20 years",1
"FOOD/QUICK SERVICE RESTAURANT (QSR)","11 - 20 years",1
FOODSERVICE,"11 - 20 years",1
"FOR PROFIT EDUCATION","11 - 20 years",1
FORENSICS,"11 - 20 years",1
"FORKLIFT OPERATOR WAREHOUSE","5-7 years",1
"FREELANCE JOURNALISM","2 - 4 years",1
"FREELANCE/SELF-EMPLOYED CONSULTANT","11 - 20 years",1
"FUNDING INTERMEDIARY","11 - 20 years",1
FUNDRAISING,"2 - 4 years",1
FUNDRAISING,"21 - 30 years",1
FUNDRAISING,"5-7 years",1
FUNDRAISING,"8 - 10 years",1
"FUNDRAISING FOR A UNIVERSITY","11 - 20 years",1
"FUNDRAISING IN HIGHER EDUCATION; NONCLINICAL, NONACADEMIC","21 - 30 years",1
FUNERAL,"11 - 20 years",1
FUNERAL,"21 - 30 years",1
"FUNERAL SERVICE","11 - 20 years",1
"FUNERAL SERVICE","8 - 10 years",1
"FUNERAL SERVICES","11 - 20 years",1
"FUNERAL SERVICES","8 - 10 years",1
GAMBLING,"11 - 20 years",1
"GAME DEVELOPMENT","11 - 20 years",1
"GAME DEVELOPMENT","5-7 years",1
"GAMES DEVELOPMENT","8 - 10 years",1
GAMING,"2 - 4 years",2
"GAMING (GAMBLING)","8 - 10 years",1
"GAS & OIL","21 - 30 years",1
GEOSPATIAL,"11 - 20 years",1
"GLOBAL HEALTH CONSULTING","21 - 30 years",1
"GLOBAL MOBILITY","8 - 10 years",1
GOVERNMENT,"8 - 10 years",1
"GOVERNMENT  & PUBLIC ADMINISTRATION","1 year or less",3
"GOVERNMENT  & PUBLIC ADMINISTRATION","11 - 20 years",106
"GOVERNMENT  & PUBLIC ADMINISTRATION","2 - 4 years",22
"GOVERNMENT  & PUBLIC ADMINISTRATION","21 - 30 years",42
"GOVERNMENT  & PUBLIC ADMINISTRATION","31 - 40 years",15
"GOVERNMENT  & PUBLIC ADMINISTRATION","5-7 years",55
"GOVERNMENT  & PUBLIC ADMINISTRATION","8 - 10 years",54
"GOVERNMENT & PUBLIC ADMINISTRATION","1 year or less",3
"GOVERNMENT & PUBLIC ADMINISTRATION","11 - 20 years",69
"GOVERNMENT & PUBLIC ADMINISTRATION","2 - 4 years",23
"GOVERNMENT & PUBLIC ADMINISTRATION","21 - 30 years",28
"GOVERNMENT & PUBLIC ADMINISTRATION","31 - 40 years",11
"GOVERNMENT & PUBLIC ADMINISTRATION","41 years or more",2
"GOVERNMENT & PUBLIC ADMINISTRATION","5-7 years",44
"GOVERNMENT & PUBLIC ADMINISTRATION","8 - 10 years",39
"GOVERNMENT &PUBLIC ADMINISTRATION","11 - 20 years",6
"GOVERNMENT &PUBLIC ADMINISTRATION","21 - 30 years",2
"GOVERNMENT &PUBLIC ADMINISTRATION","31 - 40 years",1
"GOVERNMENT &PUBLIC ADMINISTRATION","5-7 years",3
"GOVERNMENT &PUBLIC ADMINISTRATION","8 - 10 years",6
"GOVERNMENT AFFAIRS/LOBBYING","11 - 20 years",1
"GOVERNMENT AND PUBLIC ADMINISTRATION","1 year or less",15
"GOVERNMENT AND PUBLIC ADMINISTRATION","11 - 20 years",515
"GOVERNMENT AND PUBLIC ADMINISTRATION","2 - 4 years",121
"GOVERNMENT AND PUBLIC ADMINISTRATION","21 - 30 years",195
"GOVERNMENT AND PUBLIC ADMINISTRATION","31 - 40 years",52
"GOVERNMENT AND PUBLIC ADMINISTRATION","41 years or more",5
"GOVERNMENT AND PUBLIC ADMINISTRATION","5-7 years",196
"GOVERNMENT AND PUBLIC ADMINISTRATION","8 - 10 years",239
"GOVERNMENT CONTRACT","11 - 20 years",1
"GOVERNMENT CONTRACTING","11 - 20 years",1
"GOVERNMENT CONTRACTING","21 - 30 years",1
"GOVERNMENT CONTRACTING","8 - 10 years",3
"GOVERNMENT CONTRACTING (DATA ANALYTICS AND PROGRAM EVALUATIONS)","5-7 years",1
"GOVERNMENT CONTRACTING R&D","11 - 20 years",1
"GOVERNMENT CONTRACTOR","11 - 20 years",1
"GOVERNMENT CONTRACTOR","21 - 30 years",2
"GOVERNMENT CONTRACTOR","31 - 40 years",1
"GOVERNMENT CONTRACTOR","5-7 years",1
"GOVERNMENT CONTRACTOR","8 - 10 years",1
"GOVERNMENT CONTRACTOR (R&D)","5-7 years",1
"GOVERNMENT CONTRACTOR, INTERNATIONAL DEVELOPMENT","11 - 20 years",1
"GOVERNMENT RELATION","8 - 10 years",1
"GOVERNMENT RELATIONS","2 - 4 years",1
"GOVERNMENT RELATIONS","21 - 30 years",1
"GOVERNMENT RELATIONS","8 - 10 years",2
"GOVERNMENT RELATIONS - LOBBYING","5-7 years",1
"GOVERNMENT RELATIONS/LOBBYING","2 - 4 years",1
"GOVERNMENT RESEARCH","5-7 years",1
"GOVERNMENT- SCIENTIST","11 - 20 years",1
"GOVT CONTRACTOR - NOT DIRECT GOVT BUT THEY PAY MY COMPANY WHO IN TURN PAYS ME","11 - 20 years",1
"GOVT CONTRACTOR - NOT DIRECTLY GOVT BUT THEY PAY ME","11 - 20 years",1
"GOVTECH SOFTWARE AS A SERVICE","2 - 4 years",1
"GRADUATE ASSISTANT & ALSO EVENTS","8 - 10 years",1
"GRADUATE STUDENT","8 - 10 years",1
"GRANTWRITING CONSULTANTS","11 - 20 years",1
"GROCERY DELIVERY","2 - 4 years",1
"GROCERY DISTRIBUTION","11 - 20 years",2
GYMS,"11 - 20 years",1
"HARDWARE MANUFACTURING","5-7 years",1
"HAZ/IND/RAD WASTE MANAGEMENT","21 - 30 years",1
"HEALTH  & FITNESS","11 - 20 years",1
"HEALTH AND SAFETY","11 - 20 years",1
"HEALTH CARE","1 year or less",53
"HEALTH CARE","11 - 20 years",623
"HEALTH CARE","2 - 4 years",181
"HEALTH CARE","21 - 30 years",256
"HEALTH CARE","31 - 40 years",71
"HEALTH CARE","41 years or more",11
"HEALTH CARE","5-7 years",269
"HEALTH CARE","8 - 10 years",338
"HEALTH INSURANCE","21 - 30 years",1
"HEALTH RESEARCH","5-7 years",1
"HEALTHCARE INFORMATION TECHNOLOGY","11 - 20 years",1
"HEALTHCARE IT","11 - 20 years",2
"HEALTHCARE IT","21 - 30 years",1
"HEALTHCARE TECHNOLOGY","8 - 10 years",1
HERITAGE,"11 - 20 years",1
HERITAGE,"2 - 4 years",1
"HERITAGE/PUBLIC HISTORY","5-7 years",1
"HIGH END OUTDOOR FURNITURE MANUFACTURER","11 - 20 years",1
"HIGHER EDUCATION FUNDRAISING","11 - 20 years",1
"HIGHER EDUCATION/LIBRARIES","8 - 10 years",1
"HISTORIC PRESERVATION","11 - 20 years",1
HOMEMAKER,"5-7 years",1
HORTICULTURE,"11 - 20 years",1
"HORTICULTURE (ADMIN)","21 - 30 years",1
HOSPITAL,"5-7 years",1
"HOSPITALITY & EVENTS","1 year or less",9
"HOSPITALITY & EVENTS","11 - 20 years",91
"HOSPITALITY & EVENTS","2 - 4 years",12
"HOSPITALITY & EVENTS","21 - 30 years",39
"HOSPITALITY & EVENTS","31 - 40 years",7
"HOSPITALITY & EVENTS","41 years or more",1
"HOSPITALITY & EVENTS","5-7 years",43
"HOSPITALITY & EVENTS","8 - 10 years",58
"HOUSEHOLD SERVICES","11 - 20 years",1
HOUSEKEEPER/COOK,"11 - 20 years",1
HRO,"11 - 20 years",1
"HUMAN CAPITAL MANAGEMENT","2 - 4 years",1
"HUMAN RESOURCES","11 - 20 years",1
"HUMAN RESOURCES","8 - 10 years",1
"HUMAN SERVICES","8 - 10 years",1
"HYBRID NONPROFIT HIGHER EDUCATION (WE ARE PART OF A UNIVERSITY BUT OUR ENTIRE BUDGET COMES FROM GRANTS)","11 - 20 years",1
"I HAVE TWO JOBS. MARKETING / BUSINESS","2 - 4 years",1
"I WORK AT A PROPERTY TAX MANAGEMENT COMPANY. NOT SURE WHERE THIS FITS IN. CONSULTING MAYBE?","2 - 4 years",1
"I WORK FOR INDEED.COM","21 - 30 years",1
"I WORK IN THE FINANCE FUNCTION OF A LARGE GLOBAL CONGLOMERATE","5-7 years",1
IMMIGRATION,"8 - 10 years",1
"IN-HOUSE MARKETING","5-7 years",1
"INDIVIDUAL & FAMILY SERVICES","11 - 20 years",1
"INDUSTRIAL CLEANING & NON HAZARDOUS TRANSP ORT","11 - 20 years",1
"INDUSTRIAL HYGIENE","8 - 10 years",1
"INDUSTRIAL SUPPLY","21 - 30 years",1
INFORMATION,"21 - 30 years",1
"INFORMATION MANAGEMENT/ARCHIVES","2 - 4 years",1
"INFORMATION SCIENCES","11 - 20 years",1
"INFORMATION SERVICES","2 - 4 years",1
"INFORMATION SERVICES (LIBRARIES)","11 - 20 years",1
"INFORMATION SERVICES (LIBRARY)","11 - 20 years",1
"INFORMATION SERVICES/LIBRARIES","11 - 20 years",1
"INFORMATION TECHNOLOGY","21 - 30 years",1
"INFORMATION TECHNOLOGY","41 years or more",1
"INFORMATION TECHNOLOGY (IT)","5-7 years",1
"INSTRUCTIONAL DESIGN AND TRAINING","21 - 30 years",1
"INSTRUCTIONAL DESIGN, AVIATION INDUSTRY","8 - 10 years",1
"INSTRUCTIONAL DESIGNER","11 - 20 years",1
INSURANCE,"1 year or less",7
INSURANCE,"11 - 20 years",172
INSURANCE,"2 - 4 years",42
INSURANCE,"21 - 30 years",93
INSURANCE,"31 - 40 years",23
INSURANCE,"41 years or more",1
INSURANCE,"5-7 years",82
INSURANCE,"8 - 10 years",97
INTELLIGENCE,"8 - 10 years",1
"INTERGOVERNMENTAL ORGANIZATION","11 - 20 years",1
"INTERIOR DESIGN (COMMERCIAL)","2 - 4 years",1
"INTERIOR DESIGN & ARCHITECTURE","21 - 30 years",1
"INTERIOR LANDSCAPING","8 - 10 years",1
"INTERNAL COMMUNICATIONS","11 - 20 years",1
"INTERNATIONAL DEFENCE","11 - 20 years",1
"INTERNATIONAL DEVELOPMENT","11 - 20 years",1
"INTERNATIONAL DEVELOPMENT","2 - 4 years",1
"INTERNATIONAL DEVELOPMENT","31 - 40 years",1
"INTERNATIONAL DEVELOPMENT","5-7 years",1
"INTERNATIONAL DEVELOPMENT","8 - 10 years",2
"INTERNATIONAL DEVELOPMENT (MULTILATERAL DONOR)","8 - 10 years",1
"INTERNATIONAL ORGANISATIONS","11 - 20 years",1
"INTERNATIONAL ORGANIZATION (UN)","8 - 10 years",1
INTERNET,"11 - 20 years",2
INVESTING,"11 - 20 years",1
IT,"11 - 20 years",2
IT,"2 - 4 years",1
IT,"5-7 years",1
IT,"8 - 10 years",1
"IT MSP","21 - 30 years",1
"IT SECURITY","11 - 20 years",1
"IT SECURITY","8 - 10 years",1
JANITORIAL,"5-7 years",1
JOURNALISM,"11 - 20 years",1
JOURNALISM,"5-7 years",1
JOURNALISM,"8 - 10 years",2
"LAB SCIENCE (BIOTECH)","11 - 20 years",1
LABOR,"5-7 years",1
"LABOR UNION","21 - 30 years",3
"LABOR UNION","5-7 years",1
"LABORATORY RESEARCH","5-7 years",1
"LABOUR/PROFESSIONAL ORGANIZATION","8 - 10 years",1
"LANDED ESTATE","11 - 20 years",1
"LANDSCAPE ARCHITECTURE","8 - 10 years",1
"LANDSCAPE CONTRACTING","8 - 10 years",1
LANDSCAPING,"2 - 4 years",1
"LANDSCAPING/TREE WORK","5-7 years",1
"LANGUAGE SERVICES","5-7 years",1
"LANGUAGE SERVICES COMPANY, UNSURE THE BROAD CATEGORY TO USE. OUR CLIENTS ARE BRANDING AGENCIES, & THEIR CLIENTS ARE FREQUENTLY (BUT NOT ALWAYS) PHARMACEUTICAL COMPANIES.","5-7 years",1
"LARGE UNIVERSITY ADMINISTRATION","8 - 10 years",1
"LAUNDRY AND RENTAL","11 - 20 years",1
LAW,"1 year or less",20
LAW,"11 - 20 years",282
LAW,"2 - 4 years",116
LAW,"21 - 30 years",85
LAW,"31 - 40 years",36
LAW,"41 years or more",7
LAW,"5-7 years",192
LAW,"8 - 10 years",191
"LAW ENFORCEMENT & SECURITY","1 year or less",2
"LAW ENFORCEMENT & SECURITY","11 - 20 years",18
"LAW ENFORCEMENT & SECURITY","2 - 4 years",7
"LAW ENFORCEMENT & SECURITY","21 - 30 years",5
"LAW ENFORCEMENT & SECURITY","5-7 years",3
"LAW ENFORCEMENT & SECURITY","8 - 10 years",8
"LAW LIBRARY","21 - 30 years",1
"LEARNING & DEVELOPMENT","8 - 10 years",1
"LEARNING AND DEVELOPMENT","8 - 10 years",1
"LEGAL SERVICES","11 - 20 years",1
"LEGAL SERVICES","2 - 4 years",1
"LEISURE, SPORT & TOURISM","1 year or less",3
"LEISURE, SPORT & TOURISM","11 - 20 years",28
"LEISURE, SPORT & TOURISM","2 - 4 years",12
"LEISURE, SPORT & TOURISM","21 - 30 years",25
"LEISURE, SPORT & TOURISM","31 - 40 years",1
"LEISURE, SPORT & TOURISM","5-7 years",14
"LEISURE, SPORT & TOURISM","8 - 10 years",12
LIBRARIAN,"11 - 20 years",2
LIBRARIAN,"5-7 years",1
LIBRARIAN,"8 - 10 years",2
"LIBRARIAN AND ASSISTANT MANAGER OF A LIBRARY","21 - 30 years",1
"LIBRARIAN IN LEGAL SETTING","8 - 10 years",1
"LIBRARIAN--CONTRACTOR FOR NASA","31 - 40 years",1
LIBRARIES,"1 year or less",1
LIBRARIES,"11 - 20 years",14
LIBRARIES,"2 - 4 years",5
LIBRARIES,"21 - 30 years",4
LIBRARIES,"31 - 40 years",2
LIBRARIES,"5-7 years",11
LIBRARIES,"8 - 10 years",17
"LIBRARIES (MEDICAL)","11 - 20 years",1
"LIBRARIES (PUBLIC)","11 - 20 years",1
"LIBRARIES (PUBLIC)","8 - 10 years",1
"LIBRARIES / ARCHIVES / INFORMATION","5-7 years",1
"LIBRARIES & ARCHIVES","11 - 20 years",1
"LIBRARIES & ARCHIVES","2 - 4 years",1
"LIBRARIES & ARCHIVES (ACADEMIC)","11 - 20 years",1
"LIBRARIES AND ARCHIVES","2 - 4 years",1
"LIBRARIES AND ARCHIVES","21 - 30 years",1
"LIBRARIES AND ARCHIVES","5-7 years",1
LIBRARIES/ARCHIVES,"2 - 4 years",1
LIBRARIES/MUSEUMS/ARCHIVES,"8 - 10 years",1
LIBRARY,"1 year or less",1
LIBRARY,"11 - 20 years",22
LIBRARY,"2 - 4 years",5
LIBRARY,"21 - 30 years",11
LIBRARY,"31 - 40 years",3
LIBRARY,"5-7 years",9
LIBRARY,"8 - 10 years",9
"LIBRARY  & INFORMATION SERVICES","11 - 20 years",1
"LIBRARY (ITS A NON-PROFIT AND ITS A GOVT JOB - HOW WOULD I LIST THAT? NOT ALL LIBRARIES ARE GOVT JOBS)","8 - 10 years",1
"LIBRARY (UNIVERSITY)","5-7 years",1
"LIBRARY &INFORMATION SCIENCE","11 - 20 years",1
"LIBRARY AT A UNIVERSITY","11 - 20 years",1
"LIBRARY PAGE (PUBLIC COUNTY LIBRARY)","2 - 4 years",1
"LIBRARY SCIENCE / PART-TIME WORK/STUDY","1 year or less",1
"LIBRARY TECH FOR A SCHOOL SYSTEM","11 - 20 years",1
LIBRARY--PUBLIC,"11 - 20 years",1
LIBRARY/ARCHIVE,"5-7 years",1
"LIBRARY/ARCHIVE/RESEARCH CENTER","21 - 30 years",1
LIBRARY/ARCHIVES,"8 - 10 years",2
"LIBRARY/INFORMATION MANAGMENT","2 - 4 years",1
"LIFE SCIENCE CAPABILITY DEVELOPMENT","8 - 10 years",1
"LIFE SCIENCES","11 - 20 years",4
"LIFE SCIENCES","5-7 years",2
"LIFE SCIENCES","8 - 10 years",1
"LIFE SCIENCES (NOT IN ACADEMIA)","11 - 20 years",1
LITERATURE,"11 - 20 years",1
LOBBYING,"8 - 10 years",1
"LOBBYING AND CONSULTING","5-7 years",1
LOGISTICS,"11 - 20 years",1
"LOW-VOLTAGE EQUIPMENT","11 - 20 years",1
"LUXURY FASHION","8 - 10 years",1
MAINTENANCE,"11 - 20 years",1
"MANAGEMENT CONSULTING","11 - 20 years",1
MANUFACTURING,"11 - 20 years",15
MANUFACTURING,"2 - 4 years",1
MANUFACTURING,"21 - 30 years",15
MANUFACTURING,"31 - 40 years",3
MANUFACTURING,"41 years or more",3
MANUFACTURING,"5-7 years",2
MANUFACTURING,"8 - 10 years",9
"MANUFACTURING  & DISTRIBUTING","11 - 20 years",1
"MANUFACTURING : CORPORATE ADMIN SUPPORT","8 - 10 years",1
"MANUFACTURING (MEDICAL DEVICES)","11 - 20 years",1
"MANUFACTURING (PERSONAL CARE)","11 - 20 years",1
"MANUFACTURING (PHARMACEUTICALS)","5-7 years",1
"MANUFACTURING SECURITY SYSTEMS","21 - 30 years",1
"MANUFACTURING, CHEMICAL","41 years or more",1
"MANUFACTURING/CONSUMER PACKAGED GOODS","5-7 years",1
MANUFACTURING/WHOLESALE,"8 - 10 years",1
MARITIME,"5-7 years",1
"MARKET RESEARCH","11 - 20 years",4
"MARKET RESEARCH","2 - 4 years",5
"MARKET RESEARCH","21 - 30 years",1
"MARKET RESEARCH","5-7 years",4
"MARKETING AT A NON PROFIT","5-7 years",1
"MARKETING TECHNOLOGY","11 - 20 years",1
"MARKETING, ADVERTISING & PR","1 year or less",7
"MARKETING, ADVERTISING & PR","11 - 20 years",339
"MARKETING, ADVERTISING & PR","2 - 4 years",142
"MARKETING, ADVERTISING & PR","21 - 30 years",85
"MARKETING, ADVERTISING & PR","31 - 40 years",15
"MARKETING, ADVERTISING & PR","41 years or more",2
"MARKETING, ADVERTISING & PR","5-7 years",260
"MARKETING, ADVERTISING & PR","8 - 10 years",241
MEDCOMMS,"5-7 years",1
"MEDIA & DIGITAL","1 year or less",6
"MEDIA & DIGITAL","11 - 20 years",240
"MEDIA & DIGITAL","2 - 4 years",76
"MEDIA & DIGITAL","21 - 30 years",98
"MEDIA & DIGITAL","31 - 40 years",15
"MEDIA & DIGITAL","41 years or more",3
"MEDIA & DIGITAL","5-7 years",154
"MEDIA & DIGITAL","8 - 10 years",144
"MEDICA EDUCATION","21 - 30 years",1
"MEDICAL COMMUNICATIONS","5-7 years",1
"MEDICAL COMMUNICATIONS","8 - 10 years",1
"MEDICAL DEVICE","11 - 20 years",1
"MEDICAL DEVICE","5-7 years",1
"MEDICAL DEVICES","21 - 30 years",1
"MEDICAL DEVICES","31 - 40 years",1
"MEDICAL DEVICES","5-7 years",1
"MEDICAL INTERPRETER -(SPANISH)","21 - 30 years",1
"MEDICAL LIBRARY","8 - 10 years",1
"MEDICAL RESEARCH","11 - 20 years",1
"MEDICAL RESEARCH","2 - 4 years",1
"MEDICAL RESEARCH","21 - 30 years",1
"MEDICAL RESEARCH","5-7 years",1
"MEDICAL RESEARCH","8 - 10 years",2
"MEDICAL SCIENCES","5-7 years",1
"MEDICAL SUPPLY WHOLESALE & WAREHOUSING","8 - 10 years",1
"MEDICAL TECHNOLOGY","11 - 20 years",1
"MEDICAL TECHNOLOGY","2 - 4 years",1
"MEDICAL TECHNOLOGY","21 - 30 years",1
"MENTAL HEALTH","11 - 20 years",1
"MENTAL HEALTH","2 - 4 years",1
"MENTAL HEALTH","8 - 10 years",1
"MENTAL HEALTH THERAPIST","11 - 20 years",1
MILITARY,"11 - 20 years",1
MILITARY,"2 - 4 years",1
MILITARY,"21 - 30 years",1
MILITARY,"8 - 10 years",1
MINING,"11 - 20 years",3
MINING,"2 - 4 years",3
MINING,"21 - 30 years",1
MINING,"5-7 years",2
"MINING & MINERAL PROCESSING","2 - 4 years",1
"MINING/MINERAL EXPLORATION","8 - 10 years",1
"MINING/RESOURCE EXTRACTION","11 - 20 years",1
MINISTRY,"31 - 40 years",1
MINISTRY,"5-7 years",2
MORTGAGE,"2 - 4 years",1
MORTGAGE,"5-7 years",1
MORTGAGE,"8 - 10 years",1
"MUNICIPAL (PUBLIC) LIBRARIES","11 - 20 years",1
"MUNICIPAL GOVERNMENT (LIBRARY)","5-7 years",1
"MUNICIPAL LIBRARY","21 - 30 years",1
MUSEUM,"11 - 20 years",3
MUSEUM,"2 - 4 years",1
MUSEUM,"21 - 30 years",1
MUSEUM,"5-7 years",4
MUSEUM,"8 - 10 years",1
"MUSEUM - NONPROFIT","11 - 20 years",1
"MUSEUM (<20 EMPLOYEES)","8 - 10 years",1
"MUSEUM (UNIVERSITY AFFILIATED)","2 - 4 years",1
"MUSEUM EDUCATION","8 - 10 years",1
"MUSEUM LIBRARY","11 - 20 years",1
MUSEUMS,"11 - 20 years",6
MUSEUMS,"8 - 10 years",1
"MUSEUMS & ARCHIVES","21 - 30 years",1
"MUSEUMS & ARCHIVES (NOT SURE WHERE THIS WOULD FALL)","5-7 years",1
"MUSEUMS: NONPROFIT","8 - 10 years",1
MUSIC,"11 - 20 years",1
"MUSIC LICENSING","5-7 years",1
"MUSIC THERAPY","2 - 4 years",1
"MUSIC, EDUCATION","11 - 20 years",1
"MUSIC: FREELANCE, PERFORMING AND EDUCATION","11 - 20 years",1
"MY COMPANY SELLS & SERVICES VARIOUS TYPES OF PRINTERS, MOSTLY KYOCERA.","8 - 10 years",1
"NATIONAL LABORATORY","5-7 years",1
"NATURAL RESOURCES","5-7 years",2
"NON PROFIT THEATER","11 - 20 years",1
"NON PROFIT THEATER","8 - 10 years",1
"NON-PROFIT HEALTH CARE (I COULDNâ€™T SELECT BOTH)","8 - 10 years",1
"NON-PROFIT THEATRE","11 - 20 years",1
"NONPROFIT - LEGAL DEPARTMENT","5-7 years",1
"NONPROFIT - LORT D THEATER","2 - 4 years",1
"NONPROFIT ASSOCIATION","11 - 20 years",1
"NONPROFIT SCHOLARLY SOCIETY PUBLISHER","21 - 30 years",1
NONPROFITS,"1 year or less",20
NONPROFITS,"11 - 20 years",862
NONPROFITS,"2 - 4 years",222
NONPROFITS,"21 - 30 years",250
NONPROFITS,"31 - 40 years",46
NONPROFITS,"41 years or more",9
NONPROFITS,"5-7 years",449
NONPROFITS,"8 - 10 years",516
"NOT FOR PROFIT EDUCATION CONSULTANCY","2 - 4 years",1
"NOT-FOR-PROFIT HEALTH RESEARCH CONSULTING","11 - 20 years",1
"NOT-FOR-PROFIT MEMBERSHIP ORGANIZATION","21 - 30 years",1
"NUCLEAR RESEARCH","8 - 10 years",1
"OBLIGATORY MILITARY SERVICE","2 - 4 years",1
"OCEANOGRAPHY RESEARCH","2 - 4 years",1
"OFFICE ADMIN","5-7 years",1
"OFFICE ADMINISTRATION","11 - 20 years",1
"OIL  & GAS EXPL ORATION","11 - 20 years",1
"OIL  & GAS EXPLORATION","2 - 4 years",1
"OIL & GAS","11 - 20 years",3
"OIL & GAS","21 - 30 years",5
"OIL & GAS","8 - 10 years",6
"OIL & GAS - NON DESTRUCTIVE TESTING","8 - 10 years",1
"OIL AND GAS","11 - 20 years",6
"OIL AND GAS","2 - 4 years",1
"OIL AND GAS","21 - 30 years",1
"OIL AND GAS","5-7 years",4
"OIL AND GAS SAFETY TRAINING","11 - 20 years",1
"OILFIELD ADJACENT","5-7 years",1
"ONLINE EDUCATION","2 - 4 years",1
"ONLINE EDUCATION STARTUP (NON-TECHNICAL ROLE)","8 - 10 years",1
"ONLINE LEARNING","21 - 30 years",1
"OPERATIONAL TRAINING","1 year or less",1
OPERATIONS,"11 - 20 years",1
"ORGANIZATIONAL DEVELOPMENT","11 - 20 years",1
"ORGANIZED LABOR","11 - 20 years",1
"ORGANIZED LABOR","8 - 10 years",1
"OUTDOOR INDUSTRY/REPAIR AND MAINTENANCE","11 - 20 years",1
"OUTSOURCED CUSTOMER SERVICE/TECH SUPPORT CALL CENTRE","11 - 20 years",1
"OUTSOURCING SERVICES","21 - 30 years",1
"PAID STUDENT INTERN IN TECH","1 year or less",1
PARKING,"8 - 10 years",1
"PARKS AND RECREATION, LAND MANAGEMENT BUT WITH CUSTOMER SERVICE INCLUDED","11 - 20 years",1
"PATENT TRANSLATION","11 - 20 years",1
"PAYMENT PROCESSING","11 - 20 years",1
"PAYROLL SOFTWARE","5-7 years",1
"PENSION BENEFIT ADMINISTRATION","11 - 20 years",1
"PER SITTER","8 - 10 years",1
"PERFORMING ARTS","5-7 years",1
"PEST CONTROL","2 - 4 years",1
PET,"21 - 30 years",1
"PET CARE","11 - 20 years",1
"PET CARE INDUSTRY","11 - 20 years",1
"PET CARE INDUSTRY (DOG TRAINING/WALKING)","5-7 years",1
"PET CARE/GROOMING","11 - 20 years",1
PHARMA,"11 - 20 years",6
PHARMA,"2 - 4 years",2
PHARMA,"21 - 30 years",3
PHARMA,"31 - 40 years",2
PHARMA,"8 - 10 years",4
"PHARMA / MEDICAL DEVICE DESIGN AND MANUFACTURING","41 years or more",1
"PHARMA & BIOTECH","8 - 10 years",1
"PHARMA R&D","21 - 30 years",1
"PHARMA RESEARCH","21 - 30 years",1
"PHARMA/ RESEARCH","11 - 20 years",1
PHARMA/BIOTECH,"11 - 20 years",1
PHARMA/BIOTECH,"8 - 10 years",1
PHARMA/BIOTECHNOLOGY,"11 - 20 years",1
PHARMA/BIOTECHNOLOGY,"2 - 4 years",1
"PHARMACEITICAL MANUFACTURING","21 - 30 years",1
PHARMACEUTICAL,"11 - 20 years",13
PHARMACEUTICAL,"2 - 4 years",3
PHARMACEUTICAL,"21 - 30 years",6
PHARMACEUTICAL,"31 - 40 years",1
PHARMACEUTICAL,"5-7 years",5
PHARMACEUTICAL,"8 - 10 years",1
"PHARMACEUTICAL COMPANY","11 - 20 years",1
"PHARMACEUTICAL DEVELOPMENT","2 - 4 years",1
"PHARMACEUTICAL DEVELOPMENT","21 - 30 years",1
"PHARMACEUTICAL INDUSTRY","11 - 20 years",1
"PHARMACEUTICAL INDUSTRY","21 - 30 years",1
"PHARMACEUTICAL MANUFACTURING","2 - 4 years",1
"PHARMACEUTICAL MANUFACTURING","31 - 40 years",1
"PHARMACEUTICAL MANUFACTURING","5-7 years",2
"PHARMACEUTICAL R&D","1 year or less",1
"PHARMACEUTICAL R&D","2 - 4 years",1
"PHARMACEUTICAL R&D","5-7 years",1
"PHARMACEUTICAL RESEARCH","11 - 20 years",2
"PHARMACEUTICAL RESEARCH","2 - 4 years",1
"PHARMACEUTICAL RESEARCH","5-7 years",1
"PHARMACEUTICAL RESEARCH (CHEMIST)","21 - 30 years",1
"PHARMACEUTICAL RESEARCH & DEVELOPMENT","5-7 years",1
PHARMACEUTICAL/BIOTECH,"8 - 10 years",1
"PHARMACEUTICAL/CONTRACT RESEARCH ORGANIZATION","21 - 30 years",1
PHARMACEUTICALS,"1 year or less",3
PHARMACEUTICALS,"11 - 20 years",7
PHARMACEUTICALS,"2 - 4 years",7
PHARMACEUTICALS,"21 - 30 years",2
PHARMACEUTICALS,"5-7 years",4
PHARMACEUTICALS,"8 - 10 years",6
"PHARMACEUTICALS / BIOTECH","8 - 10 years",1
"PHARMACEUTICALS R&D","11 - 20 years",1
PHARMACUTICALS,"11 - 20 years",1
PHD,"2 - 4 years",1
PHILANTHROPY,"11 - 20 years",5
PHILANTHROPY,"2 - 4 years",3
PHILANTHROPY,"5-7 years",1
PHILANTHROPY,"8 - 10 years",4
"PHYSICAL SCIENCES","11 - 20 years",1
PLUMBING,"41 years or more",1
"POLICY RESEARCH","5-7 years",1
"POLITICAL CAMPAIGN","5-7 years",1
"POLITICAL CAMPAIGNING","1 year or less",1
"POLITICAL CAMPAIGNS","5-7 years",3
"POLITICAL CONSULTING","11 - 20 years",1
"POLITICAL CONSULTING","2 - 4 years",1
"POLITICAL RESEARCH","2 - 4 years",1
POLITICS,"11 - 20 years",1
POLITICS,"2 - 4 years",6
POLITICS,"5-7 years",2
POLITICS,"8 - 10 years",1
POLITICS/CAMPAIGNS,"2 - 4 years",1
POLITICS/CAMPAIGNS,"5-7 years",1
"POLITICS/GOVERNMENT RELATIONS","11 - 20 years",1
"PRE-PRIMARY EDUCATION","8 - 10 years",1
"PRECLINICAL RESEARCH","21 - 30 years",1
"PRINT / MAIL","11 - 20 years",1
"PRINT DISTRIBUTOR","8 - 10 years",1
"PRINT PUBLISHING","11 - 20 years",1
PRINTING,"11 - 20 years",1
PRINTING,"31 - 40 years",1
"PRIVATE COMPANY, FEDERAL CONTRACTOR","21 - 30 years",1
"PRIVATE EQUITY","11 - 20 years",2
"PRIVATE INVESTIGATOR AT LARGE FIRM","5-7 years",1
"PRIVATE SECTOR EMERGENCY MANAGEMENT","21 - 30 years",1
PROBIOTICS,"11 - 20 years",1
PROCUREMENT,"21 - 30 years",1
PROCUREMENT,"5-7 years",1
PROCUREMENT/SOURCING/OPERATIONS,"11 - 20 years",1
"PRODUCT MANAGEMENT","11 - 20 years",1
"PRODUCT MANAGEMENT","5-7 years",1
"PRODUCTION AND MANUFACTURING","8 - 10 years",1
"PROFESSIONAL ASSOCIATION","5-7 years",1
"PROFESSIONAL ASSOCIATION IN FINANCE","21 - 30 years",1
"PROFESSIONAL PUBLIC LIBRARIAN","11 - 20 years",1
"PROFESSIONAL REGULATION","31 - 40 years",1
"PROFESSIONAL SERVICES","11 - 20 years",4
"PROFESSIONAL SERVICES / ARCHITECTURE","2 - 4 years",1
"PROFESSIONAL TRAINING","11 - 20 years",1
"PROGRAM MANAGEMENT","8 - 10 years",1
"PROJECT MANAGEMENT","11 - 20 years",2
"PROPERTY  OR CONSTRUCTION","11 - 20 years",2
"PROPERTY  OR CONSTRUCTION","2 - 4 years",2
"PROPERTY  OR CONSTRUCTION","31 - 40 years",1
"PROPERTY  OR CONSTRUCTION","5-7 years",1
"PROPERTY  OR CONSTRUCTION","8 - 10 years",1
"PROPERTY MANAGEMENT","21 - 30 years",1
"PROPERTY OR CONSTRUCTION","1 year or less",10
"PROPERTY OR CONSTRUCTION","11 - 20 years",138
"PROPERTY OR CONSTRUCTION","2 - 4 years",27
"PROPERTY OR CONSTRUCTION","21 - 30 years",52
"PROPERTY OR CONSTRUCTION","31 - 40 years",19
"PROPERTY OR CONSTRUCTION","41 years or more",2
"PROPERTY OR CONSTRUCTION","5-7 years",61
"PROPERTY OR CONSTRUCTION","8 - 10 years",64
"PROTECTIVE COATINGS","11 - 20 years",1
PSYCHOLOGIST,"8 - 10 years",1
PSYCHOLOGY,"11 - 20 years",1
"PUBLIC AFFAIRS / PR","5-7 years",1
"PUBLIC HEALTH","11 - 20 years",1
"PUBLIC HEALTH","2 - 4 years",2
"PUBLIC HEALTH","5-7 years",3
"PUBLIC HEALTH","8 - 10 years",3
"PUBLIC HEALTH (NOT MEDICAL)","5-7 years",1
"PUBLIC HEALTH IN HIGHER EDUCATION","8 - 10 years",1
"PUBLIC HEALTH RESEARCH","8 - 10 years",1
"PUBLIC HEALTH- STATE LEVEL","2 - 4 years",1
"PUBLIC HEALTH, LOCAL GOVERNMENT","11 - 20 years",1
"PUBLIC LIBRARIAN","5-7 years",1
"PUBLIC LIBRARIES","11 - 20 years",7
"PUBLIC LIBRARIES","2 - 4 years",1
"PUBLIC LIBRARIES","21 - 30 years",7
"PUBLIC LIBRARIES","31 - 40 years",1
"PUBLIC LIBRARIES","5-7 years",5
"PUBLIC LIBRARIES","8 - 10 years",4
"PUBLIC LIBRARY","11 - 20 years",16
"PUBLIC LIBRARY","2 - 4 years",5
"PUBLIC LIBRARY","21 - 30 years",12
"PUBLIC LIBRARY","31 - 40 years",1
"PUBLIC LIBRARY","41 years or more",1
"PUBLIC LIBRARY","5-7 years",11
"PUBLIC LIBRARY","8 - 10 years",8
"PUBLIC LIBRARY (MIGHT BE CONSIDERED GOVERNMENT, BUT THAT ALWAYS SEEMS AN ODD DESIGNATION...)","11 - 20 years",1
"PUBLIC LIBRARY (NON-PROFIT, BUT ALSO GOVERNMENT?)","11 - 20 years",1
"PUBLIC LIBRARY (TECHNICALLY CITY GOVT.?)","21 - 30 years",1
"PUBLIC OPINION RESEARCH","11 - 20 years",1
"PUBLIC POLICY","2 - 4 years",1
"PUBLIC POLICY","5-7 years",1
"PUBLIC SAFETY","5-7 years",1
"PUBLIC SAFETY","8 - 10 years",1
"PUBLIC/ENVIRONMENTAL HEALTH","1 year or less",1
"PUBLIC/RESEARCH LIBRARY","21 - 30 years",1
PUBLICATIONS,"5-7 years",1
PUBLISHIBG,"5-7 years",1
PUBLISHING,"1 year or less",1
PUBLISHING,"11 - 20 years",12
PUBLISHING,"2 - 4 years",11
PUBLISHING,"21 - 30 years",11
PUBLISHING,"31 - 40 years",2
PUBLISHING,"41 years or more",1
PUBLISHING,"5-7 years",12
PUBLISHING,"8 - 10 years",16
"PUBLISHING (ACADEMIC)","11 - 20 years",1
"PUBLISHING (BOOK)","11 - 20 years",1
"PUBLISHING, CONTENT AS A SERVICE","11 - 20 years",1
"PUBLISHING: SCIENCE, ACADEMIC, TECHNICAL","21 - 30 years",1
PUBLISHING/EDTECH,"21 - 30 years",1
PURCHASING,"2 - 4 years",1
PURCHASING,"8 - 10 years",1
"QUALITY ASSURANCE","2 - 4 years",1
"QUALITY ASSURANCE LABORATORY","11 - 20 years",1
R&D,"21 - 30 years",1
"R&D IN MANUFACTURING","2 - 4 years",1
"REAL ESTATE","1 year or less",1
"REAL ESTATE","11 - 20 years",10
"REAL ESTATE","2 - 4 years",6
"REAL ESTATE","21 - 30 years",2
"REAL ESTATE","31 - 40 years",1
"REAL ESTATE","5-7 years",4
"REAL ESTATE","8 - 10 years",3
"REAL ESTATE / HOUSING","11 - 20 years",1
"REAL ESTATE AFFORDABLE HOUSING","11 - 20 years",1
"REAL ESTATE ASSOCIATION","5-7 years",1
"REAL ESTATE CORP. OFFICE/NOT A REALTOR","21 - 30 years",1
"REAL ESTATE CUSTOMER CARE","11 - 20 years",1
"REAL ESTATE DEVELOPMENT","11 - 20 years",1
"REAL ESTATE DEVELOPMENT","8 - 10 years",1
"REAL ESTATE INVESTMENT","8 - 10 years",1
"REAL ESTATE INVESTMENT SUPPORT","8 - 10 years",1
"REAL ESTATE SERVICEA","21 - 30 years",1
"REAL ESTATE SERVICES","8 - 10 years",1
"REAL ESTATE SOFTWARE","21 - 30 years",1
"REAL ESTATE TITLE COMPANY","8 - 10 years",1
"REAL ESTATE VALUATION","2 - 4 years",1
"REAL ESTATE: TITLE & ESCROW","5-7 years",1
"REAL ESTATE/ MORTGAGE","11 - 20 years",1
"REAL ESTATE/DEVELOPMENT","8 - 10 years",1
"REAL WORLD EVIDENCE (DATA FOR PHARMA RESEARCH)","21 - 30 years",1
"RECRUITMENT  OR HR","1 year or less",1
"RECRUITMENT  OR HR","5-7 years",1
"RECRUITMENT OR  HUMAN RESOURCES","2 - 4 years",1
"RECRUITMENT OR HR","1 year or less",4
"RECRUITMENT OR HR","11 - 20 years",142
"RECRUITMENT OR HR","2 - 4 years",64
"RECRUITMENT OR HR","21 - 30 years",36
"RECRUITMENT OR HR","31 - 40 years",6
"RECRUITMENT OR HR","41 years or more",2
"RECRUITMENT OR HR","5-7 years",83
"RECRUITMENT OR HR","8 - 10 years",108
"REGULATORY AFFAIRS","11 - 20 years",1
"REGULATORY AFFAIRS- NUTRACEUTICALS","11 - 20 years",1
RELIGION,"11 - 20 years",1
RELIGION,"21 - 30 years",1
RELIGION/CHURCH,"11 - 20 years",1
RELIGIOUS,"11 - 20 years",1
"RELIGIOUS (CHURCH)","31 - 40 years",1
"RELIGIOUS (SYNAGOGUE)","5-7 years",1
"RELIGIOUS EDUCATOR","21 - 30 years",1
"RELIGIOUS INSTITUTE","8 - 10 years",1
"RELIGIOUS INSTITUTION","11 - 20 years",1
"RENEWABLE ENERGY","11 - 20 years",4
"RENEWABLE ENERGY","21 - 30 years",1
"RENEWABLE ENERGY","5-7 years",1
"RENEWABLE ENERGY","8 - 10 years",1
"RENEWABLE ENERGY DEVELOPMENT","11 - 20 years",1
"RENEWABLE FUELS","8 - 10 years",1
"REPAIR FACILITY FOR HEAVY DUTY TRUCKS","11 - 20 years",1
RESEARCH,"1 year or less",2
RESEARCH,"11 - 20 years",12
RESEARCH,"2 - 4 years",13
RESEARCH,"21 - 30 years",1
RESEARCH,"5-7 years",4
RESEARCH,"8 - 10 years",7
"RESEARCH  & DEVELOPMENT, FOOD  & BEVERAGE","5-7 years",1
"RESEARCH - ACADEMIC","8 - 10 years",1
"RESEARCH - PUBLIC HEALTH","2 - 4 years",1
"RESEARCH (HEALTH)","5-7 years",1
"RESEARCH / GOV","2 - 4 years",1
"RESEARCH & DEVELOPMENT","11 - 20 years",2
"RESEARCH & DEVELOPMENT","2 - 4 years",1
"RESEARCH & DEVELOPMENT","5-7 years",3
"RESEARCH & DEVELOPMENT (DEFENSE INDUSTRY)","41 years or more",1
"RESEARCH & DEVELOPMENT (PHYSICAL SCIENCES)","21 - 30 years",1
"RESEARCH ADMINISTRATION","11 - 20 years",1
"RESEARCH AND DEVELOPMENT","11 - 20 years",2
"RESEARCH AND DEVELOPMENT","5-7 years",1
"RESEARCH AND DEVELOPMENT","8 - 10 years",1
"RESEARCH AND DEVELOPMENT ACADEMIA","11 - 20 years",1
"RESEARCH AND EVALUATION","11 - 20 years",1
"RESEARCH AT A NATIONAL LABORATORY","2 - 4 years",1
"RESEARCH AT A STATE UNIVERSITY","11 - 20 years",1
"RESEARCH INSTITUTE","5-7 years",2
"RESEARCH SCIENCE","11 - 20 years",1
"RESEARCH SCIENCE","2 - 4 years",1
"RESEARCH SCIENCE","5-7 years",1
"RESEARCH SCIENCE","8 - 10 years",1
"RESEARCH SCIENTIST, PHARMA","31 - 40 years",1
RESEARCH/ACADEMIA,"1 year or less",1
"RESEARCH/SOCIAL SCIENCE","5-7 years",1
RESTAURANT,"11 - 20 years",1
RESTAURANT,"2 - 4 years",1
RESTAURANT,"5-7 years",2
RESTAURANT,"8 - 10 years",3
"RESTAURANT GROUP","21 - 30 years",1
"RESTAURANT/FOOD SERVICE","2 - 4 years",1
RESTAURANT/SERVICE,"8 - 10 years",1
"RESTAURANTS & HOSPITALITY","5-7 years",1
RESTORATION,"11 - 20 years",1
RETAIL,"1 year or less",14
RETAIL,"11 - 20 years",157
RETAIL,"2 - 4 years",47
RETAIL,"21 - 30 years",76
RETAIL,"31 - 40 years",14
RETAIL,"41 years or more",3
RETAIL,"5-7 years",89
RETAIL,"8 - 10 years",88
"RETAIL CALL CENTER","11 - 20 years",1
"RETAIL MID LEVEL MANAGEMENT","11 - 20 years",1
"RETAIL PHARMACY","11 - 20 years",1
"RETAIL REAL ESTATE","21 - 30 years",1
RETIRED,"21 - 30 years",1
RIDESHARE,"2 - 4 years",1
"RURAL ELECTRIFICATION","5-7 years",1
SAAS,"5-7 years",2
"SAAS COMPANY/SOFTWARE","8 - 10 years",1
"SAILING INSTRUCTOR","2 - 4 years",1
SALES,"1 year or less",5
SALES,"11 - 20 years",98
SALES,"2 - 4 years",26
SALES,"21 - 30 years",40
SALES,"31 - 40 years",9
SALES,"41 years or more",3
SALES,"5-7 years",43
SALES,"8 - 10 years",47
"SALES OPERATIONS","11 - 20 years",2
"SALES OPERATIONS","2 - 4 years",1
"SCHOOL DISTRICT PRE-K-12","11 - 20 years",1
SCIENCE,"11 - 20 years",2
SCIENCE,"2 - 4 years",4
SCIENCE,"21 - 30 years",1
SCIENCE,"5-7 years",5
SCIENCE,"8 - 10 years",4
"SCIENCE  & NATURAL RESOURCE MANAGEMENT","21 - 30 years",1
"SCIENCE - QC LAB","8 - 10 years",1
"SCIENCE (CHEMISTRY R&D)","11 - 20 years",1
"SCIENCE (LABORATORY)","2 - 4 years",1
"SCIENCE (RESEARCH, BIOLOGY)","11 - 20 years",1
"SCIENCE & REASEARCH","11 - 20 years",1
"SCIENCE ACADEMIA","2 - 4 years",1
"SCIENCE ACADEMIA","5-7 years",1
"SCIENCE PUBLISHING","11 - 20 years",1
"SCIENCE RESEARCH","2 - 4 years",3
"SCIENCE RESEARCH","5-7 years",2
"SCIENCE RESEARCH, GOVERNMENT","21 - 30 years",1
SCIENCE/BIOTECH,"8 - 10 years",1
SCIENCE/GOVERNMENT,"11 - 20 years",1
SCIENCE/RESEARCH,"8 - 10 years",1
"SCIENCE/RESEARCH (ACADEMIA)","2 - 4 years",1
"SCIENCE/RESEARCH NON-ACADEMIC","11 - 20 years",1
SCIENCES,"5-7 years",1
SCIENTIFIC,"11 - 20 years",1
SCIENTIFIC,"2 - 4 years",1
"SCIENTIFIC ANALYSIS","11 - 20 years",1
"SCIENTIFIC PUBLISHING","11 - 20 years",1
"SCIENTIFIC R&D","11 - 20 years",1
"SCIENTIFIC RESEARCH","1 year or less",4
"SCIENTIFIC RESEARCH","11 - 20 years",2
"SCIENTIFIC RESEARCH","2 - 4 years",2
"SCIENTIFIC RESEARCH","21 - 30 years",3
"SCIENTIFIC RESEARCH","5-7 years",6
"SCIENTIFIC RESEARCH","8 - 10 years",4
"SCIENTIFIC RESEARCH (INDUSTRY)","11 - 20 years",1
SCIENTIST,"2 - 4 years",1
SCIENTIST,"21 - 30 years",1
SCIENTIST,"8 - 10 years",1
SECURITY,"11 - 20 years",1
SECURITY,"8 - 10 years",1
"SECURITY AND MANUFACTURING COMPANY","2 - 4 years",1
SERVICE,"11 - 20 years",1
"SERVICE AND REPAIR","21 - 30 years",1
"SHARED OFFICE SPACE","31 - 40 years",1
"SIGN LANGUAGE INTERPRETER, COMMUNITY","21 - 30 years",1
"SKILLED TRADE","11 - 20 years",1
"SMALL BUSINESS/SERVICE COMPANY","5-7 years",1
"SOCIAL RESEARCH","1 year or less",1
"SOCIAL RESEARCH","31 - 40 years",1
"SOCIAL SCIENCE","11 - 20 years",1
"SOCIAL SCIENCE RESEARCH - NOT QUITE ACADEMIA, NOT QUITE NONPROFIT, NOT QUITE CONSULTING","11 - 20 years",1
"SOCIAL SCIENCES RESEARCH","2 - 4 years",1
"SOCIAL WORK","1 year or less",12
"SOCIAL WORK","11 - 20 years",80
"SOCIAL WORK","2 - 4 years",40
"SOCIAL WORK","21 - 30 years",22
"SOCIAL WORK","31 - 40 years",4
"SOCIAL WORK","5-7 years",55
"SOCIAL WORK","8 - 10 years",57
"SOFT DRINKS MANUFACTURING","11 - 20 years",1
SOFTWARE,"11 - 20 years",2
SOFTWARE,"21 - 30 years",3
SOFTWARE,"8 - 10 years",1
"SOFTWARE AS A SERVICE SAAS","11 - 20 years",1
"SOFTWARE DEVELOPMENT","21 - 30 years",1
"SOFTWARE DEVELOPMENT / IT","5-7 years",1
"SOFTWARE PRODUCTS","5-7 years",1
SOFTWARE/PROGRAMMING,"21 - 30 years",1
SOLDIER,"5-7 years",1
"SOURCING & PROCUREMENT","5-7 years",1
SPACE,"11 - 20 years",1
"SPECIAL COLLECTIONS LIBRARY","8 - 10 years",1
"SPECIALIST CLOTHING","1 year or less",1
"SPECIALIST POLICY CONSULTING/RESEARCH","1 year or less",1
"STAFFING & WORKFORCE SOLUTIONS","11 - 20 years",1
"STAFFING AGENCY","8 - 10 years",1
"STAFFING FIRM","11 - 20 years",1
"STAFFING INDUSTRRY","11 - 20 years",1
"STATE AND FEDERAL CONTRACTOR","11 - 20 years",1
"STATE DOT","21 - 30 years",1
"STATE-LEVEL PUBLIC TRANSPORTATION AGENCY","31 - 40 years",1
"STEM MEDICAL RESEARCH","8 - 10 years",1
"STEM RESEARCH","11 - 20 years",1
"STEM RESEARCH","2 - 4 years",1
"STORAGE FACILITY","5-7 years",1
STRATEGY,"5-7 years",1
STUDENT,"1 year or less",3
STUDENT,"11 - 20 years",1
STUDENT,"5-7 years",1
"STUDENT PAID INTERN IN COMPUTING","1 year or less",1
"SUBSIDIZED SENIORS HOUSING","8 - 10 years",1
"SUMMER CAMP","8 - 10 years",1
"SUPPLY CHAIN","11 - 20 years",1
"SUPPLY CHAIN","2 - 4 years",1
"SUPPLY CHAIN","31 - 40 years",1
"SUPPLY CHAIN","5-7 years",1
"SUPPLY CHAIN DISTRIBUTION","8 - 10 years",1
"SUPPLY CHAIN OPERATIONS","11 - 20 years",1
"SUPPLY CHAIN!","21 - 30 years",1
"SURVEY METHODOLOGY","5-7 years",1
"SURVEY RESEARCH/PUBLIC POLICY RESEARCH","5-7 years",1
SURVEYING,"11 - 20 years",2
"SYNTHETIC CHEMICAL MANUFACTURING","11 - 20 years",1
"TABLETOP GAMES PUBLISHING","21 - 30 years",1
"TABLETOP GAMING","8 - 10 years",1
"TAILORING SERVICE","8 - 10 years",1
TECH,"11 - 20 years",2
TECH,"2 - 4 years",1
"TECHNICAL WRITING","21 - 30 years",1
TECHNICAL/CYBERSECURITY,"21 - 30 years",1
TECHNICAL/IT,"31 - 40 years",1
TECHNOLOGY,"21 - 30 years",2
TECHNOLOGY,"5-7 years",1
TECHNOLOGY,"8 - 10 years",1
TECHNOLOGY/SAAS,"8 - 10 years",1
TELECOMMUNICATIONS,"2 - 4 years",1
TELECOMMUNICATIONS,"5-7 years",1
"TELECOMMUNICATIONS (GPS)","11 - 20 years",1
"TEXTBOOK COPYEDITOR","5-7 years",1
THEATRE,"11 - 20 years",1
"THINK TANK","11 - 20 years",1
"THINK TANK","5-7 years",1
"THIRD SECTOR/NON PROFIT - MEDICAL MEMBERSHIP IN UK","11 - 20 years",1
"TIC (TESTING, INSPECTION & CERTIFICATION)","5-7 years",1
"TITLE/REAL ESTATE","11 - 20 years",1
TOURISM,"2 - 4 years",1
"TOURISM/HERITAGE -- BUT FOR A GOVERNMENT BUILDING","5-7 years",1
TOXICOLOGY,"11 - 20 years",1
"TRADE ASSOCIATION","11 - 20 years",3
"TRADE ASSOCIATION","21 - 30 years",1
"TRADE ASSOCIATION","8 - 10 years",1
"TRADE ASSOCIATION/MEMBERSHIP","8 - 10 years",1
"TRADE ASSOCIATIONS","5-7 years",1
"TRADES (SUPPLY CHAIN) OIL AND GAS","11 - 20 years",1
TRAINING,"11 - 20 years",3
TRAINING,"31 - 40 years",1
"TRAINING AND PROFESSIONAL SERVICES","21 - 30 years",1
TRANSLATION,"11 - 20 years",3
TRANSLATION,"2 - 4 years",1
TRANSLATION,"21 - 30 years",2
TRANSLATION,"5-7 years",2
TRANSLATION,"8 - 10 years",5
"TRANSLATION AND LOCALIZATION","1 year or less",1
TRANSLATION/TRANSCRIPTION,"11 - 20 years",1
"TRANSP ORT  OR LOGISTICS","11 - 20 years",2
"TRANSP ORT  OR LOGISTICS","5-7 years",2
"TRANSP ORT  OR LOGISTICS","8 - 10 years",1
"TRANSPORT OR LOGISTICS","1 year or less",5
"TRANSPORT OR LOGISTICS","11 - 20 years",99
"TRANSPORT OR LOGISTICS","2 - 4 years",33
"TRANSPORT OR LOGISTICS","21 - 30 years",48
"TRANSPORT OR LOGISTICS","31 - 40 years",10
"TRANSPORT OR LOGISTICS","41 years or more",1
"TRANSPORT OR LOGISTICS","5-7 years",34
"TRANSPORT OR LOGISTICS","8 - 10 years",62
TRAVEL,"11 - 20 years",2
"UNDERGRAD STUDENT","1 year or less",1
"UNION/POLITICAL ORGANIZING","5-7 years",1
UNIONS,"8 - 10 years",1
"UNIVERSITY ADMINISTRATION","5-7 years",1
"UNIVERSITY LIBRARIES","5-7 years",1
"UNIVERSITY RESEARCH","5-7 years",1
"UNIVERSITY TECH TRANSFER (HIGHER ED/MARKETING/WRITING)","2 - 4 years",1
UNKNOWN,"1 year or less",3
UNKNOWN,"11 - 20 years",19
UNKNOWN,"2 - 4 years",8
UNKNOWN,"21 - 30 years",15
UNKNOWN,"31 - 40 years",3
UNKNOWN,"5-7 years",13
UNKNOWN,"8 - 10 years",7
"URBAN PLANNING","11 - 20 years",1
"URBAN PLANNING","2 - 4 years",1
"URBAN PLANNING","5-7 years",1
"USER EXPERIENCE (UX)  RESEARCH","11 - 20 years",1
"USER EXPERIENCE DESIGN","2 - 4 years",1
"UTILITIES & TELECOMMUNICATIONS","1 year or less",3
"UTILITIES & TELECOMMUNICATIONS","11 - 20 years",132
"UTILITIES & TELECOMMUNICATIONS","2 - 4 years",26
"UTILITIES & TELECOMMUNICATIONS","21 - 30 years",52
"UTILITIES & TELECOMMUNICATIONS","31 - 40 years",22
"UTILITIES & TELECOMMUNICATIONS","41 years or more",1
"UTILITIES & TELECOMMUNICATIONS","5-7 years",53
"UTILITIES & TELECOMMUNICATIONS","8 - 10 years",57
"UX RESEARCH","2 - 4 years",1
VET,"5-7 years",1
VETERINARIAN,"11 - 20 years",1
VETERINARY,"11 - 20 years",9
VETERINARY,"21 - 30 years",3
VETERINARY,"5-7 years",1
"VETERINARY BIOTECH","5-7 years",1
"VETERINARY CARE","11 - 20 years",1
"VETERINARY CARE","5-7 years",1
"VETERINARY DIAGNOSTICS","8 - 10 years",1
"VETERINARY M&A","8 - 10 years",1
"VETERINARY MEDICINE","11 - 20 years",1
"VETERINARY MEDICINE","21 - 30 years",2
"VETERINARY MEDICINE","31 - 40 years",1
"VETERINARY MEDICINE","5-7 years",1
"VETERINARY MEDICINE","8 - 10 years",1
"VETERINARY SERVICES","21 - 30 years",1
"VIDEO GAME INDUSTRY","11 - 20 years",1
"VIDEO GAMES","11 - 20 years",2
"VIDEO GAMES","5-7 years",3
"VIDEO GAMES","8 - 10 years",2
"VIRTUAL ASSISTING","11 - 20 years",1
"VIRTUAL REALITY","1 year or less",1
WAREHOUSE,"11 - 20 years",1
WAREHOUSE,"21 - 30 years",1
WAREHOUSE,"8 - 10 years",1
"WAREHOUSE- FOOD AND BEVERAGE","8 - 10 years",1
WAREHOUSING,"21 - 30 years",1
WAREHOUSING,"5-7 years",1
"WASTE AND RECYCLING","11 - 20 years",1
"WASTE MANAGEMENT","41 years or more",1
"WEALTH ADVISOR RESEARCH","8 - 10 years",1
"WHEREVER I'M ASSIGNED VIA THE UNION","21 - 30 years",1
WHOLESALE,"8 - 10 years",1
"WHOLESALE - APPAREL","21 - 30 years",1
"WHOLESALE AND RETAIL TRADE","21 - 30 years",1
"WHOLESALE DISTRIBUTION","11 - 20 years",2
"WHOLESALE DISTRIBUTION","31 - 40 years",1
"WHOLESALE DISTRIBUTION B2B","41 years or more",1
"WHOLESALE INDUSTRIAL & WELDING SUPPLIES & EQUIPMENT","31 - 40 years",1
"WHOLESALE SUPPLIER","31 - 40 years",1
"WHOLESALE TEXTILE MANUFACTURE & SALES","11 - 20 years",1
"WHOLESALE TRADE","8 - 10 years",1
WHOLESALE/DISTRBUTION,"8 - 10 years",1
WINE,"11 - 20 years",1
"WINE & SPIRITS","5-7 years",1
"WINE IMPORTING/DISTRIBUTION","8 - 10 years",1
"WINE WHOLESALE","11 - 20 years",1
"WINERY REGULATORY COMPLIANCE","11 - 20 years",1
WORK-STUDY,"11 - 20 years",1
"WORKFORCE DEVELOPMENT","2 - 4 years",1
"WRITING AND JOURNALISM","21 - 30 years",1
ZOO,"11 - 20 years",1
ZOO,"21 - 30 years",1
ZOO,"31 - 40 years",1
"ZOOS AND AQUARIUMS","11 - 20 years",1
